#,Vessel name,IMO,Departure port,Country,Commodity,Tonnage,Departure date,Inspection cleared,Flag code,Development Status,Development Status 2,World Bank Income Classification,Departure week,Departure Month
,SEALOCK,8218380,Chornomorsk,Türkiye,Peas,2050,10/30/2022,,:tr:,developing,other developing,Upper middle income,44,October
,SK FRIENDSHIP,8909446,Chornomorsk,Egypt,Soy beans,6600,10/30/2022,,:eg:,developing,other developing,Lower middle income,44,October
,IKARIA ANGEL,9194397,Chornomorsk,Djibouti,Wheat,30000,10/30/2022,,:dj:,developing,least developed,Lower middle income,44,October
1,RAZONI,9086526,Odesa,Mixed,Corn,26527,8/1/2022,8/3/2022,:tr:,developing,other developing,Upper middle income,32,August
2,NAVI STAR,9590979,Odesa,Ireland,Corn,33000,8/5/2022,8/6/2022,:ie:,developed,developed,High income,31,August
3,ROJEN,9754927,Chornomorsk,Italy,Corn,13041,8/5/2022,8/7/2022,:it:,developed,developed,High income,31,August
4,POLARNET,9758961,Chornomorsk,Türkiye,Corn,12000,8/5/2022,8/7/2022,:tr:,developing,other developing,Upper middle income,31,August
5,GLORY,9288473,Chornomorsk,Iran,Corn,66084,8/7/2022,8/9/2022,:ir:,developing,other developing,Lower middle income,31,August
6,STAR HELENA,9361213,Chornomorsk,China,Sunflower meal,45000,8/7/2022,8/9/2022,:cn:,developing,other developing,Upper middle income,31,August
7,RIVA WIND,9301196,Odesa,Türkiye,Corn,44000,8/7/2022,8/9/2022,:tr:,developing,other developing,Upper middle income,31,August
8,MUSTAFA NECATI,9736690,Chornomorsk,Italy,Sunflower oil,6000,8/7/2022,8/10/2022,:it:,developed,developed,High income,31,August
9,ARIZONA,9592733,Chornomorsk,Türkiye,Corn,48459,8/8/2022,8/10/2022,:tr:,developing,other developing,Upper middle income,32,August
10,SACURA,9497000,Yuzhny/Pivdennyi,Italy,Soya beans,11000,8/8/2022,8/10/2022,:it:,developed,developed,High income,32,August
11,OCEAN LION,9296248,Chornomorsk,Republic of Korea,Corn,64720,8/9/2022,8/11/2022,:kr:,developed,developed,High income,32,August
12,RAHMI YAGCI,9550852,Chornomorsk,Türkiye,Sunflower meal,5300,8/9/2022,8/13/2022,:tr:,developing,other developing,Upper middle income,32,August
13,STAR LAURA,9328936,Yuzhny/Pivdennyi,Iran,Corn,60150,8/12/2022,8/14/2022,:ir:,developing,other developing,Lower middle income,32,August
14,SORMOVSKIY 121,8133578,Chornomorsk,Türkiye,Wheat,3050,8/12/2022,8/15/2022,:tr:,developing,other developing,Upper middle income,32,August
15,FULMAR S,9370082,Chornomorsk,Türkiye,Corn,12000,8/13/2022,8/15/2022,:tr:,developing,other developing,Upper middle income,32,August
16,THOE,9400588,Chornomorsk,Türkiye,Sunflower seed,2914,8/13/2022,8/16/2022,:tr:,developing,other developing,Upper middle income,32,August
17,OSPREY S,9300843,Chornomorsk,Türkiye,Corn,11500,8/16/2022,8/18/2022,:tr:,developing,other developing,Upper middle income,33,August
18,BONITA,9231286,Yuzhny/Pivdennyi,Republic of Korea,Corn,60000,8/16/2022,8/18/2022,:kr:,developed,developed,High income,33,August
19,RAMUS,9318400,Chornomorsk,Türkiye,Wheat,6161,8/16/2022,8/19/2022,:tr:,developing,other developing,Upper middle income,33,August
20,BRAVE COMMANDER,9136931,Yuzhny/Pivdennyi,Ethiopia,Wheat,23300,8/16/2022,8/21/2022,:et:,developing,least developed,Low income,33,August
21,PETREL S,9363883,Chornomorsk,The Netherlands,Sunflower meal,18500,8/17/2022,8/19/2022,:nl:,developed,developed,High income,33,August
22,SARA,9259020,Odesa,Türkiye,Corn,8000,8/17/2022,8/19/2022,:tr:,developing,other developing,Upper middle income,33,August
23,EFE,9558763,Odesa,Türkiye,Sunflower oil,7250,8/17/2022,8/19/2022,:tr:,developing,other developing,Upper middle income,33,August
24,PROPUS,9133757,Chornomorsk,Romania,Wheat,9111,8/18/2022,8/19/2022,:ro:,developed,developed,High income,33,August
25,I MARIA,8914697,Chornomorsk,Romania,Corn,27982,8/18/2022,8/22/2022,:ro:,developed,developed,High income,33,August
26,ZUMRUT ANA,9633549,Chornomorsk,Italy,Sunflower oil,6300,8/20/2022,8/22/2022,:it:,developed,developed,High income,33,August
27,OCEAN S,9086320,Chornomorsk,Türkiye,Wheat,25000,8/20/2022,8/22/2022,:tr:,developing,other developing,Upper middle income,33,August
28,FILYOZ,9407213,Chornomorsk,Türkiye,Sunflower oil,5000,8/21/2022,8/23/2022,:tr:,developing,other developing,Upper middle income,33,August
29,DA LIANG,9608415,Chornomorsk,Republic of Korea,Sugar beet pellet,14000,8/21/2022,8/23/2022,:kr:,developed,developed,High income,33,August
30,FOYLE,9317676,Yuzhny/Pivdennyi,Türkiye,Sunflower oil,4300,8/21/2022,8/23/2022,:tr:,developing,other developing,Upper middle income,33,August
31,KUBROSLI Y,8000836,Odesa,Türkiye,Wheat,11000,8/21/2022,8/24/2022,:tr:,developing,other developing,Upper middle income,33,August
32,MARANTA,9206669,Chornomorsk,Greece,Corn,5300,8/22/2022,8/24/2022,:gr:,developed,developed,High income,34,August
33,GREAT ARSENAL,9159062,Chornomorsk,Egypt,Wheat,25500,8/22/2022,8/24/2022,:eg:,developing,other developing,Lower middle income,34,August
34,KAFKAM ETLER,9001112,Chornomorsk,Türkiye,Corn,2437,8/23/2022,8/25/2022,:tr:,developing,other developing,Upper middle income,34,August
35,GANOSAYA,9151400,Odesa,Lebanon,Corn,16500,8/24/2022,8/26/2022,:lb:,developing,other developing,Lower middle income,34,August
36,ZHE HAI 505,9567477,Odesa,The Netherlands,Rapeseed,29600,8/24/2022,8/26/2022,:nl:,developed,developed,High income,34,August
37,BELLIS,9381952,Odesa,Israel,Soya beans,6000,8/25/2022,8/27/2022,:il:,developed,developed,High income,34,August
38,ASCANIOS,9276169,Yuzhny/Pivdennyi,Germany,Corn,58510,8/25/2022,8/27/2022,:de:,developed,developed,High income,34,August
39,MOHAMAD Y,8107000,Odesa,Türkiye,Wheat,11000,8/25/2022,8/27/2022,:tr:,developing,other developing,Upper middle income,34,August
40,AVIVA,9410131,Chornomorsk,India,Sunflower oil,19100,8/26/2022,8/28/2022,:in:,developing,other developing,Lower middle income,34,August
41,SEAEAGLE,9153056,Chornomorsk,Sudan,Wheat,65340,8/26/2022,8/28/2022,:sd:,developing,least developed,Low income,34,August
42,ZELEK STAR,9379117,Chornomorsk,Türkiye,Peas,3700,8/26/2022,8/29/2022,:tr:,developing,other developing,Upper middle income,34,August
43,PRETTY LADY,9223174,Chornomorsk,Egypt,Corn,45000,8/26/2022,8/29/2022,:eg:,developing,other developing,Lower middle income,34,August
44,ADNAN TORLAK,9243253,Chornomorsk,France,Rapeseed,14750,8/27/2022,8/29/2022,:fr:,developed,developed,High income,34,August
45,ORIS SOFI,8920282,Yuzhny/Pivdennyi,Türkiye,Sunflower oil,5900,8/27/2022,8/29/2022,:tr:,developing,other developing,Upper middle income,34,August
46,S BREEZE,9317145,Chornomorsk,Egypt,Corn,44000,8/27/2022,9/1/2022,:eg:,developing,other developing,Lower middle income,34,August
47,SSI INVINCIBLE II,9434747,Chornomorsk,China,Barley,49500,8/28/2022,8/31/2022,:cn:,developing,other developing,Upper middle income,34,August
48,DS SOFIE BULKER,9310604,Odesa,Spain,Barley,27000,8/28/2022,8/31/2022,:es:,developed,developed,High income,34,August
49,SILVER LADY,9279367,Yuzhny/Pivdennyi,Italy,Corn,39494,8/28/2022,8/31/2022,:it:,developed,developed,High income,34,August
50,MELINA,9550424,Yuzhny/Pivdennyi,Romania,Corn,27500,8/28/2022,8/31/2022,:ro:,developed,developed,High income,34,August
51,FPMC B 201 ,9468229,Odesa,Egypt,Wheat,33000,8/28/2022,9/1/2022,:eg:,developing,other developing,Lower middle income,34,August
52,AEOLOS,9228382,Odesa,The Netherlands,Corn,30000,8/28/2022,9/2/2022,:nl:,developed,developed,High income,34,August
53,ASH BALTIC,9606493,Odesa,Egypt,Corn,11000,8/29/2022,9/1/2022,:eg:,developing,other developing,Lower middle income,35,August
54,PEACE M,9086318,Odesa,Romania,Corn,24485,8/29/2022,9/1/2022,:ro:,developed,developed,High income,35,August
55,ANASTASIA,8926121,Chornomorsk,Türkiye,Wheat,3800,8/29/2022,9/4/2022,:tr:,developing,other developing,Upper middle income,35,August
56,SEAJOY,9213820,Chornomorsk,Spain,Corn,64215,8/30/2022,9/1/2022,:es:,developed,developed,High income,35,August
57,SAFFET AGA,9376282,Chornomorsk,Türkiye,Corn,3236,8/30/2022,9/1/2022,:tr:,developing,other developing,Upper middle income,35,August
58,MICHALIS,9545510,Odesa,Spain,Corn,33000,8/30/2022,9/1/2022,:es:,developed,developed,High income,35,August
59,LADY ZEHMA,9303431,Chornomorsk,Italy,Corn,30274,8/30/2022,9/3/2022,:it:,developed,developed,High income,35,August
60,KARTERIA,9236092,Yuzhny/Pivdennyi,Yemen,Wheat,37500,8/30/2022,9/3/2022,:ye:,developing,least developed,Low income,35,August
61,SIMAS,9000314,Odesa,Italy,Wheat,15000,8/30/2022,9/4/2022,:it:,developed,developed,High income,35,August
62,LADY AILLAR,9550278,Yuzhny/Pivdennyi,Spain,Corn,27000,8/31/2022,9/5/2022,:es:,developed,developed,High income,35,August
63,MARAN ASTRONOMER,9581239,Yuzhny/Pivdennyi,The Netherlands,Corn,74500,8/31/2022,9/5/2022,:nl:,developed,developed,High income,35,August
64,DAYTONA DYNAMIC,8914726,Odesa,Türkiye,Corn,25850,9/1/2022,9/4/2022,:tr:,developing,other developing,Upper middle income,35,September
65,HAZAR S,9545467,Chornomorsk,Türkiye,Corn,5500,9/1/2022,9/4/2022,:tr:,developing,other developing,Upper middle income,35,September
66,HELGA,9444912,Odesa,Türkiye,Corn,27000,9/1/2022,9/5/2022,:tr:,developing,other developing,Upper middle income,35,September
67,ENEIDA,9198381,Chornomorsk,Türkiye,Corn,8560,9/1/2022,9/5/2022,:tr:,developing,other developing,Upper middle income,35,September
67,ENEIDA,9198381,Chornomorsk,Türkiye,Wheat,35470,9/1/2022,9/5/2022,:tr:,developing,other developing,Upper middle income,35,September
68,MASSA J,9224867,Yuzhny/Pivdennyi,Somalia,Wheat,28500,9/1/2022,9/7/2022,:so:,developing,least developed,Low income,35,September
69,CANGA STAR,9540039,Chornomorsk,France,Rapeseed,7000,9/2/2022,9/7/2022,:fr:,developed,developed,High income,35,September
70,MAVKA,9284647,Chornomorsk,Romania,Sunflower oil,12500,9/2/2022,9/5/2022,:ro:,developed,developed,High income,35,September
71,SPRING,8408650,Chornomorsk,Türkiye,Wheat,8500,9/2/2022,9/5/2022,:tr:,developing,other developing,Upper middle income,35,September
72,KATSUYAMA,9274678,Chornomorsk,India,Sunflower oil,21000,9/2/2022,9/5/2022,:in:,developing,other developing,Lower middle income,35,September
73,STELLA GS,9363285,Odesa,Israel,Corn,30300,9/2/2022,9/6/2022,:il:,developed,developed,High income,35,September
74,FULMAR S,9370082,Yuzhny/Pivdennyi,Bulgaria,Sunflower meal,9835,9/2/2022,9/5/2022,:bg:,developed,developed,Upper middle income,35,September
75,SARA,9259020,Odesa,Türkiye,Wheat,6600,9/3/2022,9/7/2022,:tr:,developing,other developing,Upper middle income,35,September
76,LADY EVA,9008110,Chornomorsk,Greece,Wheat,6117,9/4/2022,9/7/2022,:gr:,developed,developed,High income,35,September
77,CANOPUS,9401025,Yuzhny/Pivdennyi,India,Sunflower oil,42000,9/4/2022,9/6/2022,:in:,developing,other developing,Lower middle income,35,September
78,SEA DOLPHIN C,9486427,Yuzhny/Pivdennyi,The Netherlands,Rapeseed,31098,9/4/2022,9/6/2022,:nl:,developed,developed,High income,35,September
79,SEALOCK,8218380,Chornomorsk,Türkiye,Peas,2070,9/4/2022,9/9/2022,:tr:,developing,other developing,Upper middle income,35,September
80,MUBARIZ IBRAHIMOV,9575292,Odesa,Türkiye,Sunflower oil,6600,9/4/2022,9/9/2022,:tr:,developing,other developing,Upper middle income,35,September
81,MAINA,9699892,Yuzhny/Pivdennyi,Spain,Corn,56500,9/4/2022,9/7/2022,:es:,developed,developed,High income,35,September
82,GEN. POLAD HASHIMOV,9575307,Chornomorsk,Türkiye,Sunflower oil,6450,9/4/2022,9/7/2022,:tr:,developing,other developing,Upper middle income,35,September
83,BC CALLISTO,9400916,Chornomorsk,Egypt,Wheat,31400,9/4/2022,9/9/2022,:eg:,developing,other developing,Lower middle income,35,September
84,MRC LINA,9462299,Yuzhny/Pivdennyi,Türkiye,Sunflower oil,7800,9/4/2022,9/7/2022,:tr:,developing,other developing,Upper middle income,35,September
85,LADY PERLA,9149732,Yuzhny/Pivdennyi,Italy,Corn,20500,9/4/2022,9/7/2022,:it:,developed,developed,High income,35,September
86,AFANASIY MATYSHENKO,8227783,Chornomorsk,Türkiye,Wheat,3000,9/4/2022,9/9/2022,:tr:,developing,other developing,Upper middle income,35,September
87,NORD VIRGO,9711937,Yuzhny/Pivdennyi,China,Corn,62340,9/4/2022,9/9/2022,:cn:,developing,other developing,Upper middle income,35,September
88,GOLDEN YARA,8915299,Yuzhny/Pivdennyi,Türkiye,Wheat,13500,9/5/2022,9/10/2022,:tr:,developing,other developing,Upper middle income,36,September
89,MY MERAY,9000302,Chornomorsk,Egypt,Corn,30000,9/5/2022,9/10/2022,:eg:,developing,other developing,Lower middle income,36,September
90,BARON,7352476,Odesa,Türkiye,Corn,5750,9/5/2022,9/10/2022,:tr:,developing,other developing,Upper middle income,36,September
91,IRMGARD,9590967,Odesa,Türkiye,Wheat,27500,9/6/2022,9/11/2022,:tr:,developing,other developing,Upper middle income,36,September
91,IRMGARD,9590967,Odesa,Türkiye,Corn,7179,9/6/2022,9/11/2022,:tr:,developing,other developing,Upper middle income,36,September
92,QUEEN SARA,9132507,Chornomorsk,Egypt,Corn,11091,9/6/2022,9/11/2022,:eg:,developing,other developing,Lower middle income,36,September
93,ORIS PRINCESS,9119907,Chornomorsk,Israel,Sunflower meal,4510,9/6/2022,9/12/2022,:il:,developed,developed,High income,36,September
94,NEW LEVANT,9111371,Odesa,Türkiye,Wheat,26500,9/6/2022,9/10/2022,:tr:,developing,other developing,Upper middle income,36,September
95,VITIS,9000613,Yuzhny/Pivdennyi,Italy,Sunflower oil,5800,9/6/2022,9/10/2022,:it:,developed,developed,High income,36,September
96,OCMIS ADVENTURE,8919831,Yuzhny/Pivdennyi,Greece,Corn,4862,9/6/2022,9/10/2022,:gr:,developed,developed,High income,36,September
97,SEAGUARDIAN ,9174268,Yuzhny/Pivdennyi,Spain,Sunflower meal,8640,9/7/2022,9/12/2022,:es:,developed,developed,High income,36,September
97,SEAGUARDIAN ,9174268,Yuzhny/Pivdennyi,Spain,Barley,34071,9/7/2022,9/12/2022,:es:,developed,developed,High income,36,September
97,SEAGUARDIAN ,9174268,Yuzhny/Pivdennyi,Spain,Wheat,20095,9/7/2022,9/12/2022,:es:,developed,developed,High income,36,September
98,SUPER HENRY,9407483,Odesa,Kenya,Wheat,51400,9/7/2022,9/22/2022,:ke:,developing,other developing,Lower middle income,36,September
99,ELIANA,9327310,Chornomorsk,Türkiye,Sunflower oil,5200,9/7/2022,9/11/2022,:tr:,developing,other developing,Upper middle income,36,September
100,KAPTAN CEVDET,9005895,Chornomorsk,Türkiye,Soya beans,2472,9/7/2022,9/12/2022,:tr:,developing,other developing,Upper middle income,36,September
101,JASMIN QUEEN,9109861,Odesa,Türkiye,Corn,9531,9/8/2022,9/12/2022,:tr:,developing,other developing,Upper middle income,36,September
102,CAPTAIN ADAM 1,8914087,Chornomorsk,Türkiye,Wheat,9300,9/8/2022,9/12/2022,:tr:,developing,other developing,Upper middle income,36,September
103,DIGNITY,9118238,Chornomorsk,Türkiye,Sunflower seed,8200,9/8/2022,9/12/2022,:tr:,developing,other developing,Upper middle income,36,September
104,FILYOZ,9407213,Odesa,Türkiye,Sunflower oil,4410,9/8/2022,9/12/2022,:tr:,developing,other developing,Upper middle income,36,September
105,SANTANA,9449388,Odesa,Italy,Wheat,10000,9/8/2022,9/12/2022,:it:,developed,developed,High income,36,September
106,KIRAN AMERICA,9491264,Chornomorsk,China,Barley,30000,9/9/2022,9/14/2022,:cn:,developing,other developing,Upper middle income,36,September
106,KIRAN AMERICA,9491264,Chornomorsk,China,Corn,20000,9/9/2022,9/14/2022,:cn:,developing,other developing,Upper middle income,36,September
107,SUPER BAYERN,9278911,Yuzhny/Pivdennyi,Egypt,Corn,33000,9/9/2022,9/13/2022,:eg:,developing,other developing,Lower middle income,36,September
108,SEVIL,9148518,Chornomorsk,Romania,Rapeseed,4700,9/9/2022,9/13/2022,:ro:,developed,developed,High income,36,September
109,EAUBONNE,9663104,Odesa,Spain,Corn,32794,9/10/2022,9/16/2022,:es:,developed,developed,High income,36,September
109,EAUBONNE,9663104,Odesa,Spain,Wheat,13853,9/10/2022,9/16/2022,:es:,developed,developed,High income,36,September
109,EAUBONNE,9663104,Odesa,Spain,Barley,10853,9/10/2022,9/16/2022,:es:,developed,developed,High income,36,September
110,LUCKY,9037305,Yuzhny/Pivdennyi,Greece,Corn,6000,9/10/2022,9/14/2022,:gr:,developed,developed,High income,36,September
110,LUCKY,9037305,Yuzhny/Pivdennyi,Greece,Barley,4400,9/10/2022,9/14/2022,:gr:,developed,developed,High income,36,September
111,PRINCESS AMNAH,9008067,Chornomorsk,Italy,Wheat,6000,9/10/2022,9/13/2022,:it:,developed,developed,High income,36,September
112,A LINE,9246920,Chornomorsk,Egypt,Corn,10700,9/10/2022,9/13/2022,:eg:,developing,other developing,Lower middle income,36,September
113,LADY SHAM,9171383,Odesa,Italy,Sunflower seed,5600,9/10/2022,9/14/2022,:it:,developed,developed,High income,36,September
114,BRIZA,9286815,Chornomorsk,Greece,Corn,6500,9/11/2022,9/15/2022,:gr:,developed,developed,High income,36,September
115,MAGNOLIA,9575333,Chornomorsk,Türkiye,Sunflower oil,6600,9/11/2022,9/16/2022,:tr:,developing,other developing,Upper middle income,36,September
116,S-BRILLIANT,9275323,Chornomorsk,The Netherlands,Rapeseed,40220,9/11/2022,9/15/2022,:nl:,developed,developed,High income,36,September
117,AHMET CAN,9368182,Chornomorsk,Türkiye,Wheat bran pellets,2800,9/12/2022,9/16/2022,:tr:,developing,other developing,Upper middle income,37,September
118,SALLY M,9152844,Chornomorsk,Lebanon,Corn,6857,9/12/2022,9/17/2022,:lb:,developing,other developing,Lower middle income,37,September
119,NORD STARK,9691591,Chornomorsk,Spain,Wheat,27500,9/12/2022,9/17/2022,:es:,developed,developed,High income,37,September
120,ORIS SOFI,8920282,Odesa,Türkiye,Sunflower oil,3026,9/12/2022,9/15/2022,:tr:,developing,other developing,Upper middle income,37,September
120,ORIS SOFI,8920282,Odesa,Lebanon,Sunflower oil,2973,9/12/2022,9/15/2022,:lb:,developing,other developing,Lower middle income,37,September
121,HADAR,9615028,Yuzhny/Pivdennyi,Italy,Wheat,23500,9/12/2022,9/16/2022,:it:,developed,developed,High income,37,September
121,HADAR,9615028,Yuzhny/Pivdennyi,Italy,Corn,3500,9/12/2022,9/16/2022,:it:,developed,developed,High income,37,September
122,WIN SINO,9278519,Yuzhny/Pivdennyi,India,Sunflower oil,43500,9/12/2022,9/17/2022,:in:,developing,other developing,Lower middle income,37,September
123,SUPER SAKA,9456551,Odesa,Spain,Wheat,29000,9/13/2022,9/18/2022,:es:,developed,developed,High income,37,September
123,SUPER SAKA,9456551,Odesa,Spain,Corn,21000,9/13/2022,9/18/2022,:es:,developed,developed,High income,37,September
124,YASA TEAM,9296250,Yuzhny/Pivdennyi,Israel,Corn,64951,9/13/2022,9/18/2022,:il:,developed,developed,High income,37,September
125,PROPUS,9133757,Odesa,Türkiye,Corn,8500,9/13/2022,9/18/2022,:tr:,developing,other developing,Upper middle income,37,September
126,FANARIA,9228241,Odesa,Spain,Wheat,18000,9/13/2022,9/17/2022,:es:,developed,developed,High income,37,September
127,SAFFET AGA,9376282,Odesa,Türkiye,Soya beans,3300,9/13/2022,9/18/2022,:tr:,developing,other developing,Upper middle income,37,September
128,ATA OCEAN,9519614,Yuzhny/Pivdennyi,Türkiye,Sunflower oil,6300,9/13/2022,9/18/2022,:tr:,developing,other developing,Upper middle income,37,September
129,GREIFSWALD,8311912,Chornomorsk,Türkiye,Corn,492,9/13/2022,9/18/2022,:tr:,developing,other developing,Upper middle income,37,September
130,TAMREY S,9171541,Odesa,Italy,Corn,18100,9/14/2022,9/22/2022,:it:,developed,developed,High income,37,September
130,TAMREY S,9171541,Odesa,Italy,Soya beans,5500,9/14/2022,9/22/2022,:it:,developed,developed,High income,37,September
130,TAMREY S,9171541,Odesa,Italy,Wheat,5400,9/14/2022,9/22/2022,:it:,developed,developed,High income,37,September
131,MARANTA,9206669,Odesa,Italy,Soya beans,5300,9/14/2022,9/18/2022,:it:,developed,developed,High income,37,September
132,CPT DIMITRIOS S,9221592,Yuzhny/Pivdennyi,Spain,Corn,56800,9/14/2022,9/19/2022,:es:,developed,developed,High income,37,September
132,CPT DIMITRIOS S,9221592,Yuzhny/Pivdennyi,Spain,Barley,8543,9/14/2022,9/19/2022,:es:,developed,developed,High income,37,September
133,T-MED,9163142,Yuzhny/Pivdennyi,Türkiye,Wheat,5500,9/14/2022,9/19/2022,:tr:,developing,other developing,Upper middle income,37,September
134,INCE AKDENIZ,9456460,Yuzhny/Pivdennyi,Bangladesh,Wheat,55000,9/14/2022,9/22/2022,:bd:,developing,least developed,Lower middle income,37,September
135,GLORY DINA,9464522,Chornomorsk,Türkiye,Wheat,27000,9/14/2022,9/18/2022,:tr:,developing,other developing,Upper middle income,37,September
136,CENK CAR,8611984,Chornomorsk,Türkiye,Sunflower seed,180,9/14/2022,9/18/2022,:tr:,developing,other developing,Upper middle income,37,September
136,CENK CAR,8611984,Chornomorsk,Türkiye,Sunflower meal,68,9/14/2022,9/18/2022,:tr:,developing,other developing,Upper middle income,37,September
137,ASTRA CENTAURUS,9611802,Chornomorsk,Spain,Wheat,55000,9/15/2022,9/20/2022,:es:,developed,developed,High income,37,September
138,DERG,9393060,Chornomorsk,The Netherlands,Sunflower oil,9600,9/15/2022,9/20/2022,:nl:,developed,developed,High income,37,September
139,EIDER S,9364784,Yuzhny/Pivdennyi,Spain,Corn,50855,9/15/2022,9/30/2022,:es:,developed,developed,High income,37,September
140,KAN 2,9154268,Odesa,Libya,Corn,11000,9/15/2022,9/20/2022,:ly:,developing,other developing,Upper middle income,37,September
140,KAN 2,9154268,Odesa,Libya,Barley,2981,9/15/2022,9/20/2022,:ly:,developing,other developing,Upper middle income,37,September
141,LARA S,9334301,Odesa,Italy,Sunflower oil,5750,9/15/2022,9/20/2022,:it:,developed,developed,High income,37,September
142,MAHER,8806905,Chornomorsk,Tunisia,Wheat,7800,9/15/2022,9/22/2022,:tn:,developing,other developing,Lower middle income,37,September
143,NORAH,9460289,Chornomorsk,Belgium,Rapeseed,30000,9/15/2022,9/20/2022,:be:,developed,developed,High income,37,September
144,VALERIO,9244037,Odesa,Türkiye,Corn,26000,9/15/2022,9/22/2022,:tr:,developing,other developing,Upper middle income,37,September
145,ANNABELLA,8919788,Chornomorsk,Romania,Rapeseed,8500,9/16/2022,9/26/2022,:ro:,developed,developed,High income,37,September
146,BREEZE,9455650,Odesa,Germany,Rapeseed,47200,9/16/2022,9/24/2022,:de:,developed,developed,High income,37,September
147,CS CIHAN,9045704,Odesa,Egypt,Soya beans,6400,9/16/2022,9/23/2022,:eg:,developing,other developing,Lower middle income,37,September
148,NAVIN VULTURE,9543328,Yuzhny/Pivdennyi,Greece,Barley,4258,9/16/2022,9/24/2022,:gr:,developed,developed,High income,37,September
148,NAVIN VULTURE,9543328,Yuzhny/Pivdennyi,Greece,Corn,2026,9/16/2022,9/24/2022,:gr:,developed,developed,High income,37,September
149,OCTOPUS,9518634,Yuzhny/Pivdennyi,Romania,Corn,6500,9/16/2022,9/28/2022,:ro:,developed,developed,High income,37,September
150,BARONESS,9588407,Chornomorsk,Italy,Wheat,30900,9/17/2022,9/26/2022,:it:,developed,developed,High income,37,September
151,GOZO,9109964,Odesa,Spain,Wheat,26000,9/17/2022,9/29/2022,:es:,developed,developed,High income,37,September
152,HORUS,9635690,Chornomorsk,China,Sunflower meal,53012,9/17/2022,9/29/2022,:cn:,developing,other developing,Upper middle income,37,September
152,HORUS,9635690,Chornomorsk,China,Barley,9694,9/17/2022,9/29/2022,:cn:,developing,other developing,Upper middle income,37,September
153,IKARIA ANGEL,9194397,Chornomorsk,Ethiopia,Wheat,29459,9/17/2022,9/21/2022,:et:,developing,least developed,Low income,37,September
153,IKARIA ANGEL,9194397,Chornomorsk,Djibouti,Wheat,541,9/17/2022,9/21/2022,:dj:,developing,least developed,Lower middle income,37,September
154,PACIFIC ROSE,9299460,Yuzhny/Pivdennyi,Italy,Soya beans,20000,9/17/2022,9/28/2022,:it:,developed,developed,High income,37,September
154,PACIFIC ROSE,9299460,Yuzhny/Pivdennyi,Italy,Corn,5105,9/17/2022,9/28/2022,:it:,developed,developed,High income,37,September
155,VELVET ROSE,9281968,Chornomorsk,China,Sunflower meal,29350,9/17/2022,9/26/2022,:cn:,developing,other developing,Upper middle income,37,September
156,ADELHEID BR,9387621,Odesa,Türkiye,Barley,8750,9/18/2022,9/27/2022,:tr:,developing,other developing,Upper middle income,37,September
157,BELLA JUDI,9595371,Chornomorsk,Romania,Corn,32900,9/18/2022,9/25/2022,:ro:,developed,developed,High income,37,September
158,CPT.AHMAD II,9031430,Chornomorsk,Türkiye,Wheat,4030,9/18/2022,10/2/2022,:tr:,developing,other developing,Upper middle income,37,September
159,GENOA,9805659,Chornomorsk,Portugal,Canola,22000,9/18/2022,9/23/2022,:pt:,developed,developed,High income,37,September
159,GENOA,9805659,Chornomorsk,France,Canola,29256,9/18/2022,9/23/2022,:fr:,developed,developed,High income,37,September
160,KAFKAM ETLER,9001112,Chornomorsk,Türkiye,Corn,2413,9/18/2022,9/29/2022,:tr:,developing,other developing,Upper middle income,37,September
161,KAUNAS,8311924,Chornomorsk,Türkiye,Corn,525,9/18/2022,9/24/2022,:tr:,developing,other developing,Upper middle income,37,September
162,RUBYMAR,9138898,Odesa,Egypt,Corn,29600,9/18/2022,9/27/2022,:eg:,developing,other developing,Lower middle income,37,September
163,SK FRIENDSHIP,8909446,Chornomorsk,Türkiye,Wheat,6900,9/18/2022,9/29/2022,:tr:,developing,other developing,Upper middle income,37,September
164,AKSON SARA,9475739,Yuzhny/Pivdennyi,Italy,Corn,30700,9/19/2022,9/30/2022,:it:,developed,developed,High income,38,September
165,ARCTURUS,9221334,Yuzhny/Pivdennyi,Spain,Wheat,69080,9/19/2022,9/29/2022,:es:,developed,developed,High income,38,September
166,ESENCE,7827342,Chornomorsk,Türkiye,Wheat,3000,9/19/2022,9/29/2022,:tr:,developing,other developing,Upper middle income,38,September
167,FULMAR S,9370082,Odesa,Italy,Sunflower meal,4400,9/19/2022,9/26/2022,:it:,developed,developed,High income,38,September
167,FULMAR S,9370082,Odesa,Italy,Rapeseed meal,3400,9/19/2022,9/26/2022,:it:,developed,developed,High income,38,September
168,GULMAR,9146962,Odesa,Spain,Wheat,16300,9/19/2022,9/26/2022,:es:,developed,developed,High income,38,September
168,GULMAR,9146962,Odesa,Spain,Corn,17350,9/19/2022,9/26/2022,:es:,developed,developed,High income,38,September
168,GULMAR,9146962,Odesa,Spain,Barley,8350,9/19/2022,9/26/2022,:es:,developed,developed,High income,38,September
169,TOMAHAWK,9737591,Yuzhny/Pivdennyi,China,Sunflower meal,60000,9/19/2022,9/30/2022,:cn:,developing,other developing,Upper middle income,38,September
170,APHRODITE M,9450832,Chornomorsk,Spain,Sunflower seed,18150,9/20/2022,10/2/2022,:es:,developed,developed,High income,38,September
171,NIZAR,8324751,Odesa,Türkiye,Soya beans,4950,9/20/2022,10/4/2022,:tr:,developing,other developing,Upper middle income,38,September
172,NORAN,9175822,Chornomorsk,Türkiye,Wheat,8100,9/20/2022,10/2/2022,:tr:,developing,other developing,Upper middle income,38,September
173,NYMPHI,9615030,Chornomorsk,The Netherlands,Corn,27100,9/20/2022,9/30/2022,:nl:,developed,developed,High income,38,September
174,PAULINE,9325350,Chornomorsk,Germany,Corn,48750,9/20/2022,9/30/2022,:de:,developed,developed,High income,38,September
175,PGE RAIN,9005857,Odesa,Türkiye,Soya beans,4400,9/20/2022,9/28/2022,:tr:,developing,other developing,Upper middle income,38,September
176,RIDER,9017628,Odesa,Italy,Wheat,9751,9/20/2022,9/30/2022,:it:,developed,developed,High income,38,September
177,SSI PRIDE,9250579,Odesa,Bangladesh,Wheat,46500,9/20/2022,9/28/2022,:bd:,developing,least developed,Lower middle income,38,September
178,TINA S,9498432,Odesa,Italy,Corn,33000,9/20/2022,10/10/2022,:it:,developed,developed,High income,38,September
179,BRIGHT STAR,9481960,Yuzhny/Pivdennyi,The Netherlands,Rapeseed,32493,9/21/2022,10/1/2022,:nl:,developed,developed,High income,38,September
180,CENK M,7382366,Chornomorsk,Türkiye,Sunflower seed,90,9/21/2022,10/8/2022,:tr:,developing,other developing,Upper middle income,38,September
181,DS MANATEE,9255189,Odesa,Italy,Corn,26250,9/21/2022,10/1/2022,:it:,developed,developed,High income,38,September
182,LEONORA VICTORY,9283784,Yuzhny/Pivdennyi,China,Sunflower oil,40000,9/21/2022,10/1/2022,:cn:,developing,other developing,Upper middle income,38,September
182,LEONORA VICTORY,9283784,Yuzhny/Pivdennyi,Malaysia,Sunflower oil,4000,9/21/2022,10/1/2022,:my:,developing,other developing,Upper middle income,38,September
183,MED ISLAND,9322748,Yuzhny/Pivdennyi,Spain,Wheat,27500,9/21/2022,10/1/2022,:es:,developed,developed,High income,38,September
184,SEA INSPIRATION,9604782,Odesa,Spain,Wheat,6000,9/21/2022,10/1/2022,:es:,developed,developed,High income,38,September
184,SEA INSPIRATION,9604782,Odesa,Spain,Barley,11000,9/21/2022,10/1/2022,:es:,developed,developed,High income,38,September
184,SEA INSPIRATION,9604782,Odesa,Spain,Corn,10100,9/21/2022,10/1/2022,:es:,developed,developed,High income,38,September
185,SWIMMER,9033713,Chornomorsk,Türkiye,Sunflower meal,2950,9/21/2022,10/6/2022,:tr:,developing,other developing,Upper middle income,38,September
186,ALSU,9808742,Yuzhny/Pivdennyi,Egypt,Sunflower oil,3100,9/22/2022,10/3/2022,:eg:,developing,other developing,Lower middle income,38,September
187,ANT,9412311,Odesa,Türkiye,Barley,4500,9/22/2022,10/4/2022,:tr:,developing,other developing,Upper middle income,38,September
188,BC VANESSA,9426855,Odesa,Afghanistan,Wheat,30000,9/22/2022,9/28/2022,:af:,developing,least developed,Low income,38,September
189,ELLIE M,9235854,Chornomorsk,Spain,Corn,50220,9/22/2022,10/10/2022,:es:,developed,developed,High income,38,September
190,MOHAMAD Y,8107000,Odesa,Türkiye,Wheat,11000,9/22/2022,10/3/2022,:tr:,developing,other developing,Upper middle income,38,September
191,ORIS MARINE,9179488,Odesa,Türkiye,Sunflower oil,3500,9/22/2022,10/2/2022,:tr:,developing,other developing,Upper middle income,38,September
192,FORTUNA,9118252,Yuzhny/Pivdennyi,France,Sunflower meal,10252,9/23/2022,10/6/2022,:fr:,developed,developed,High income,38,September
193,GEM STAR,9496173,Yuzhny/Pivdennyi,The Netherlands,Corn,31039,9/23/2022,10/10/2022,:nl:,developed,developed,High income,38,September
194,GUDENA,9280196,Chornomorsk,Türkiye,Sunflower oil,3860,9/23/2022,10/4/2022,:tr:,developing,other developing,Upper middle income,38,September
195,LADY AYANA,9196395,Chornomorsk,Italy,Corn,27000,9/23/2022,10/14/2022,:it:,developed,developed,High income,38,September
196,MAVKA,9284647,Yuzhny/Pivdennyi,Romania,Sunflower oil,11950,9/23/2022,10/4/2022,:ro:,developed,developed,High income,38,September
197,MERRY M,8418265,Chornomorsk,Türkiye,Sunflower meal,4450,9/23/2022,10/6/2022,:tr:,developing,other developing,Upper middle income,38,September
198,MO GAN SHAN,9663099,Chornomorsk,Bangladesh,Wheat,57311,9/23/2022,10/3/2022,:bd:,developing,least developed,Lower middle income,38,September
199,NIL DEMIR,8003814,Chornomorsk,Türkiye,Peas,3700,9/23/2022,10/4/2022,:tr:,developing,other developing,Upper middle income,38,September
200,OLMA,8004806,Chornomorsk,Türkiye,Soya beans,5150,9/23/2022,10/3/2022,:tr:,developing,other developing,Upper middle income,38,September
201,SEA DOVE,8202525,Chornomorsk,Italy,Corn,33000,9/23/2022,10/9/2022,:it:,developed,developed,High income,38,September
202,TZAREVICH,9145229,Chornomorsk,Bulgaria,Sunflower meal,10000,9/23/2022,10/6/2022,:bg:,developed,developed,Upper middle income,38,September
203,ZEKO Y,8027573,Odesa,Türkiye,Wheat,8200,9/23/2022,10/3/2022,:tr:,developing,other developing,Upper middle income,38,September
204,BAHAR K,8884555,Chornomorsk,Türkiye,Soya beans,7700,9/24/2022,10/7/2022,:tr:,developing,other developing,Upper middle income,38,September
205,DANO,8609175,Odesa,Türkiye,Wheat,6600,9/24/2022,10/14/2022,:tr:,developing,other developing,Upper middle income,38,September
206,DS SOFIE BULKER,9310604,Odesa,Spain,Barley,10650,9/24/2022,10/5/2022,:es:,developed,developed,High income,38,September
206,DS SOFIE BULKER,9310604,Odesa,Spain,Corn,6200,9/24/2022,10/5/2022,:es:,developed,developed,High income,38,September
206,DS SOFIE BULKER,9310604,Odesa,Spain,Wheat,10950,9/24/2022,10/5/2022,:es:,developed,developed,High income,38,September
207,GANOSAYA,9151400,Odesa,Libya,Barley,15000,9/24/2022,10/9/2022,:ly:,developing,other developing,Upper middle income,38,September
208,MUBARIZ IBRAHIMOV,9575292,Odesa,Italy,Sunflower oil,6000,9/24/2022,10/5/2022,:it:,developed,developed,High income,38,September
209,SAXONA,9371024,Chornomorsk,Greece,Corn,5000,9/24/2022,10/5/2022,:gr:,developed,developed,High income,38,September
210,ASPASIA LUCK,9223485,Yuzhny/Pivdennyi,Spain,Corn,63029,9/25/2022,10/9/2022,:es:,developed,developed,High income,38,September
211,ATA-2,9387669,Yuzhny/Pivdennyi,Italy,Corn,5960,9/25/2022,10/13/2022,:it:,developed,developed,High income,38,September
212,BLUE STAR,8421705,Chornomorsk,Türkiye,Mixed bran,2000,9/25/2022,10/9/2022,:tr:,developing,other developing,Upper middle income,38,September
213,CHIOS FREEDOM,9680255,Odesa,The Netherlands,Rapeseed,32700,9/25/2022,10/8/2022,:nl:,developed,developed,High income,38,September
214,CORNELIA,9216597,Chornomorsk,Tunisia,Wheat,23500,9/25/2022,10/14/2022,:tn:,developing,other developing,Lower middle income,38,September
215,HERMES,9071052,Chornomorsk,Greece,Wheat,5029,9/25/2022,10/8/2022,:gr:,developed,developed,High income,38,September
216,MOONLIGHT,9536301,Odesa,Georgia,Soya beans,6000,9/25/2022,10/8/2022,:ge:,developing,other developing,Upper middle income,38,September
217,STELLAR LADY,9574004,Chornomorsk,Belgium,Rapeseed,39763,9/25/2022,10/9/2022,:be:,developed,developed,High income,38,September
218,SUPER MARTINELLI,9542831,Chornomorsk,Algeria,Wheat,31500,9/25/2022,10/7/2022,:dz:,developing,other developing,Lower middle income,38,September
219,KARTERIA,9236092,Yuzhny/Pivdennyi,The Netherlands,Corn,46130,9/26/2022,10/11/2022,:nl:,developed,developed,High income,39,September
220,MAINLAND,9431056,Odesa,Türkiye,Sunflower oil,7250,9/26/2022,10/9/2022,:tr:,developing,other developing,Upper middle income,39,September
221,NEW FAITH,9191034,Odesa,Türkiye,Corn,28193,9/26/2022,10/10/2022,:tr:,developing,other developing,Upper middle income,39,September
222,USICHEM,9344344,Odesa,Spain,Sunflower oil,6600,9/26/2022,10/10/2022,:es:,developed,developed,High income,39,September
223,CHIOS SUNRISE,9639907,Odesa,Spain,Wheat,11000,9/27/2022,10/11/2022,:es:,developed,developed,High income,39,September
223,CHIOS SUNRISE,9639907,Odesa,Spain,Corn,42600,9/27/2022,10/11/2022,:es:,developed,developed,High income,39,September
224,IRENE MADIAS,9567154,Yuzhny/Pivdennyi,Republic of Korea,Corn,60000,9/27/2022,10/14/2022,:kr:,developed,developed,High income,39,September
225,LEADER M,9217797,Yuzhny/Pivdennyi,Bulgaria,Sunflower pellets,8800,9/27/2022,10/14/2022,:bg:,developed,developed,Upper middle income,39,September
226,MARAN EXCELLENCE,9703241,Yuzhny/Pivdennyi,Spain,Barley,66000,9/27/2022,10/13/2022,:es:,developed,developed,High income,39,September
226,MARAN EXCELLENCE,9703241,Yuzhny/Pivdennyi,Spain,Wheat,32600,9/27/2022,10/13/2022,:es:,developed,developed,High income,39,September
226,MARAN EXCELLENCE,9703241,Yuzhny/Pivdennyi,Spain,Corn,16000,9/27/2022,10/13/2022,:es:,developed,developed,High income,39,September
227,NAZENIN,9545508,Chornomorsk,France,Rapeseed,30350,9/27/2022,10/14/2022,:fr:,developed,developed,High income,39,September
228,NIMET TORLAK,9282948,Chornomorsk,Türkiye,Wheat,17325,9/27/2022,10/12/2022,:tr:,developing,other developing,Upper middle income,39,September
229,NORD VIND,9573921,Odesa,Tunisia,Wheat,27250,9/27/2022,10/11/2022,:tn:,developing,other developing,Lower middle income,39,September
230,PEACE M,9086318,Odesa,Romania,Corn,24718,9/27/2022,10/11/2022,:ro:,developed,developed,High income,39,September
231,SARA,9259020,Odesa,Türkiye,Soya beans,8000,9/27/2022,10/5/2022,:tr:,developing,other developing,Upper middle income,39,September
232,ALMERAY,9300910,Yuzhny/Pivdennyi,Libya,Corn,32400,9/28/2022,10/14/2022,:ly:,developing,other developing,Upper middle income,39,September
233,DAYTONA DYNAMIC,8914726,Chornomorsk,Romania,Corn,26000,9/28/2022,10/14/2022,:ro:,developed,developed,High income,39,September
234,FREZYA S,9353022,Chornomorsk,Italy,Sunflower meal,5350,9/28/2022,10/12/2022,:it:,developed,developed,High income,39,September
235,MAGNUM FORTUNE,9488970,Chornomorsk,Bangladesh,Wheat,51175,9/28/2022,10/17/2022,:bd:,developing,least developed,Lower middle income,39,September
236,ADAM A,9114543,Yuzhny/Pivdennyi,Türkiye,Wheat,27700,9/29/2022,10/17/2022,:tr:,developing,other developing,Upper middle income,39,September
237,NAVIN KESTREL,9381811,Chornomorsk,Türkiye,Sunflower meal,5250,9/29/2022,10/17/2022,:tr:,developing,other developing,Upper middle income,39,September
238,PATRONUS,9320324,Chornomorsk,Tunisia,Wheat,27500,9/29/2022,10/22/2022,:tn:,developing,other developing,Lower middle income,39,September
239,BESIKTAS ICELAND,9395367,Odesa,Türkiye,Sunflower oil,6600,9/30/2022,10/15/2022,:tr:,developing,other developing,Upper middle income,39,September
240,BLUE ONE,9585651,Chornomorsk,Italy,Corn,32300,9/30/2022,10/23/2022,:it:,developed,developed,High income,39,September
241,ELEANORA,9211107,Yuzhny/Pivdennyi,Italy,Corn,6300,9/30/2022,10/17/2022,:it:,developed,developed,High income,39,September
242,AHMET CAN,9368182,Yuzhny/Pivdennyi,Greece,Wheat,3200,10/1/2022,10/20/2022,:gr:,developed,developed,High income,39,October
243,FORTUNE EXPRESS,9181728,Chornomorsk,Italy,Corn,27500,10/1/2022,10/18/2022,:it:,developed,developed,High income,39,October
244,IASOS,9233882,Yuzhny/Pivdennyi,Spain,Wheat,50800,10/1/2022,10/19/2022,:es:,developed,developed,High income,39,October
245,LADY DIVINA,9354052,Yuzhny/Pivdennyi,France,Sunflower meal,13200,10/1/2022,10/18/2022,:fr:,developed,developed,High income,39,October
246,PS DREAM,9358307,Chornomorsk,India,Sunflower oil,25000,10/1/2022,10/15/2022,:in:,developing,other developing,Lower middle income,39,October
247,QUEEN LILA,9303376,Odesa,Libya,Barley,29000,10/1/2022,10/24/2022,:ly:,developing,other developing,Upper middle income,39,October
248,STELLINA,9674933,Odesa,Spain,Wheat,25000,10/1/2022,10/16/2022,:es:,developed,developed,High income,39,October
249,BC RAEDA,9487598,Yuzhny/Pivdennyi,Spain,Wheat,24000,10/2/2022,10/18/2022,:es:,developed,developed,High income,39,October
250,DOGA K,9100530,Chornomorsk,Tunisia,Wheat,10000,10/2/2022,10/17/2022,:tn:,developing,other developing,Lower middle income,39,October
251,LILA II,9498315,Chornomorsk,Spain,Corn,32700,10/2/2022,10/23/2022,:es:,developed,developed,High income,39,October
252,RIZABEY,9197117,Odesa,Italy,Wheat,22923,10/2/2022,10/18/2022,:it:,developed,developed,High income,39,October
253,SANN TRO,9110315,Odesa,Spain,Wheat,26500,10/2/2022,10/19/2022,:es:,developed,developed,High income,39,October
254,FPMC B 201 ,9468229,Odesa,Spain,Corn,33000,10/3/2022,10/18/2022,:es:,developed,developed,High income,40,October
255,KALLIOPI S,9450844,Yuzhny/Pivdennyi,The Netherlands,Corn,33274,10/3/2022,10/23/2022,:nl:,developed,developed,High income,40,October
256,MICHALIS,9545510,Odesa,Portugal,Corn,18716,10/3/2022,10/19/2022,:pt:,developed,developed,High income,40,October
256,MICHALIS,9545510,Odesa,Portugal,Wheat,7757,10/3/2022,,:pt:,developed,developed,High income,40,October
256,MICHALIS,9545510,Odesa,Portugal,Barley,6834,10/3/2022,,:pt:,developed,developed,High income,40,October
257,NAVIN FALCON,9492933,Yuzhny/Pivdennyi,Italy,Wheat,6600,10/3/2022,10/23/2022,:it:,developed,developed,High income,40,October
258,NEW VICTORY,9159050,Yuzhny/Pivdennyi,Türkiye,Wheat,25500,10/3/2022,10/25/2022,:tr:,developing,other developing,Upper middle income,40,October
259,SAFFET AGA,9376282,Chornomorsk,Türkiye,Corn,3100,10/3/2022,10/21/2022,:tr:,developing,other developing,Upper middle income,40,October
260,SPRING,8408650,Chornomorsk,Egypt,Corn,8000,10/3/2022,10/21/2022,:eg:,developing,other developing,Lower middle income,40,October
261,ARGO 1,9583897,Chornomorsk,Egypt,Corn,31290,10/4/2022,10/27/2022,:eg:,developing,other developing,Lower middle income,40,October
262,BARON,7352476,Chornomorsk,Türkiye,Soya beans,5500,10/4/2022,10/23/2022,:tr:,developing,other developing,Upper middle income,40,October
263,BC CALLISTO,9400916,Chornomorsk,Algeria,Wheat,30450,10/4/2022,10/20/2022,:dz:,developing,other developing,Lower middle income,40,October
264,CHRYSSA K ,9595852,Yuzhny/Pivdennyi,The Netherlands,Corn,30000,10/4/2022,10/20/2022,:nl:,developed,developed,High income,40,October
264,CHRYSSA K ,9595852,Yuzhny/Pivdennyi,Germany,Corn,38000,10/4/2022,10/20/2022,:de:,developed,developed,High income,40,October
265,INANDI,8332100,Odesa,Türkiye,Barley,2750,10/4/2022,10/21/2022,:tr:,developing,other developing,Upper middle income,40,October
266,PRETTY LADY,9223174,Chornomorsk,United Kingdom,Rapeseed,41650,10/4/2022,10/20/2022,:gb:,developed,,High income,40,October
267,SAM,7510884,Odesa,Türkiye,Corn,3000,10/4/2022,10/25/2022,:tr:,developing,other developing,Upper middle income,40,October
268,SSI RELIANCE,9655224,Chornomorsk,Spain,Corn,33860,10/4/2022,10/23/2022,:es:,developed,developed,High income,40,October
269,BRIZA,9286815,Odesa,Italy,Soya beans,6600,10/5/2022,10/21/2022,:it:,developed,developed,High income,40,October
270,MRC LINA,9462299,Yuzhny/Pivdennyi,Türkiye,Sunflower oil,7700,10/5/2022,,:tr:,developing,other developing,Upper middle income,40,October
271,NEW EXPLORER,9481489,Yuzhny/Pivdennyi,China,Sunflower meal,60000,10/5/2022,10/23/2022,:cn:,developing,other developing,Upper middle income,40,October
272,ANASTASIA,8926121,Chornomorsk,Türkiye,Wheat,3700,10/6/2022,10/27/2022,:tr:,developing,other developing,Upper middle income,40,October
273,FALCON S,9329423,Chornomorsk,Romania,Corn,33000,10/6/2022,,:ro:,developed,developed,High income,40,October
274,HASAN G,9136852,Yuzhny/Pivdennyi,Türkiye,Peas,6500,10/6/2022,,:tr:,developing,other developing,Upper middle income,40,October
275,MAGNOLIA,9575333,Chornomorsk,Türkiye,Sunflower oil,6600,10/6/2022,10/16/2022,:tr:,developing,other developing,Upper middle income,40,October
276,MERA,9148570,Yuzhny/Pivdennyi,Türkiye,Sunflower oil,6300,10/6/2022,10/16/2022,:tr:,developing,other developing,Upper middle income,40,October
277,SEA STAR,7929619,Chornomorsk,Türkiye,Wheat,4950,10/6/2022,10/28/2022,:tr:,developing,other developing,Upper middle income,40,October
278,SERENITY IBTIHAJ,9364849,Chornomorsk,Israel,Corn,27200,10/6/2022,,:il:,developed,developed,High income,40,October
279,SILVER LADY,9279367,Chornomorsk,Spain,Wheat,49100,10/6/2022,10/22/2022,:es:,developed,developed,High income,40,October
280,UMIT G,9041124,Yuzhny/Pivdennyi,Greece,Wheat,4300,10/6/2022,,:gr:,developed,developed,High income,40,October
281,WHITE STAR,9381938,Odesa,Türkiye,Barley,7800,10/6/2022,,:tr:,developing,other developing,Upper middle income,40,October
282,ZHE HAI 505,9567477,Odesa,Algeria,Wheat,28500,10/6/2022,,:dz:,developing,other developing,Lower middle income,40,October
283,BURAK DEVAL,9349978,Yuzhny/Pivdennyi,Greece,Corn,3300,10/7/2022,,:gr:,developed,developed,High income,40,October
283,BURAK DEVAL,9349978,Yuzhny/Pivdennyi,Greece,Wheat,3300,10/7/2022,,:gr:,developed,developed,High income,40,October
284,LADY PERLA,9149732,Odesa,Türkiye,Corn,20000,10/7/2022,10/28/2022,:tr:,developing,other developing,Upper middle income,40,October
285,NEW ISLAND,9258349,Chornomorsk,Ethiopia,Wheat,30000,10/7/2022,10/13/2022,:et:,developing,least developed,Low income,40,October
286,CHEM HERO,9402823,Chornomorsk,India,Sunflower oil,15000,10/8/2022,10/16/2022,:in:,developing,other developing,Lower middle income,40,October
287,CORNELIA M,9490117,Yuzhny/Pivdennyi,Viet Nam,Wheat,60000,10/8/2022,,:vn:,developing,,Lower middle income,40,October
288,ENEIDA,9198381,Chornomorsk,Türkiye,Corn,32859,10/8/2022,10/28/2022,:tr:,developing,other developing,Upper middle income,40,October
288,ENEIDA,9198381,Chornomorsk,Türkiye,Wheat,9511,10/8/2022,,:tr:,developing,other developing,Upper middle income,40,October
289,LADY EVA,9008110,Odesa,Greece,Corn,5666,10/8/2022,,:gr:,developed,developed,High income,40,October
290,LAURUS,9559169,Chornomorsk,Türkiye,Wheat,5050,10/8/2022,,:tr:,developing,other developing,Upper middle income,40,October
291,ORIS SOFI,8920282,Odesa,Türkiye,Sunflower oil,6000,10/8/2022,10/16/2022,:tr:,developing,other developing,Upper middle income,40,October
292,SHAMAN WISDOM,9563407,Odesa,Indonesia,Wheat,32600,10/8/2022,,:id:,developing,,Lower middle income,40,October
293,ALI A,7915307,Yuzhny/Pivdennyi,Lebanon,Wheat,6600,10/9/2022,,:lb:,developing,other developing,Lower middle income,40,October
294,ARGONAUT,9717694,Yuzhny/Pivdennyi,Indonesia,Wheat,71155,10/9/2022,,:id:,developing,,Lower middle income,40,October
295,BOYNE,9369928,Odesa,Spain,Sunflower oil,5019,10/9/2022,,:es:,developed,developed,High income,40,October
296,CKR ZEYNEP,9437854,Odesa,Algeria,Wheat,6050,10/9/2022,,:dz:,developing,other developing,Lower middle income,40,October
297,HIRA V,9217333,Yuzhny/Pivdennyi,Spain,Sunflower oil,6240,10/9/2022,10/15/2022,:es:,developed,developed,High income,40,October
298,MERCURIUS,9580091,Chornomorsk,Italy,Corn,33400,10/9/2022,,:it:,developed,developed,High income,40,October
299,ORIS PRINCESS,9119907,Chornomorsk,Israel,Sunflower meal,4050,10/9/2022,,:il:,developed,developed,High income,40,October
300,SAKAR,9104811,Odesa,Italy,Wheat,18700,10/9/2022,,:it:,developed,developed,High income,40,October
301,STAR SAPPHIRE,9860037,Chornomorsk,Italy,Corn,60000,10/9/2022,10/28/2022,:it:,developed,developed,High income,40,October
302,WAEL K,9001148,Chornomorsk,Italy,Sunflower seed,6000,10/9/2022,,:it:,developed,developed,High income,40,October
303,BASEL ATHENA,9164809,Odesa,Türkiye,Wheat,19000,10/10/2022,10/28/2022,:tr:,developing,other developing,Upper middle income,41,October
304,BLUE SHARK,9003770,Chornomorsk,Türkiye,Soya beans,3400,10/10/2022,,:tr:,developing,other developing,Upper middle income,41,October
305,EKMEN TRANS,9204348,Chornomorsk,Israel,Rapeseed meal,5550,10/10/2022,,:il:,developed,developed,High income,41,October
306,ISLANDER A,9190987,Odesa,Türkiye,Wheat,7200,10/10/2022,10/28/2022,:tr:,developing,other developing,Upper middle income,41,October
307,JAGUAR,7726990,Yuzhny/Pivdennyi,Türkiye,Barley,2500,10/10/2022,,:tr:,developing,other developing,Upper middle income,41,October
308,MEHMET BEY,9045601,Yuzhny/Pivdennyi,Egypt,Soya beans,7600,10/10/2022,,:eg:,developing,other developing,Lower middle income,41,October
309,TAJ,9010060,Chornomorsk,Türkiye,Corn,10500,10/10/2022,,:tr:,developing,other developing,Upper middle income,41,October
310,ERDEK,9175767,Yuzhny/Pivdennyi,Djibouti,Sunflower oil,6200,10/11/2022,10/26/2022,:dj:,developing,least developed,Lower middle income,41,October
310,ERDEK,9175767,Yuzhny/Pivdennyi,Oman,Sunflower oil,3150,10/11/2022,,:om:,developing,,High income,41,October
311,HAZAR S,9545467,Chornomorsk,Italy,Corn,6000,10/11/2022,,:it:,developed,developed,High income,41,October
312,INCE EVRENYE,9668295,Chornomorsk,Spain,Wheat,27390,10/11/2022,,:es:,developed,developed,High income,41,October
313,LUCKY TRADER,9427574,Odesa,Türkiye,Wheat,24000,10/11/2022,10/25/2022,:tr:,developing,other developing,Upper middle income,41,October
314,MAGNUM POWER,9488968,Chornomorsk,Indonesia,Wheat,51742,10/11/2022,,:id:,developing,,Lower middle income,41,October
315,MELINA,9550424,Yuzhny/Pivdennyi,Italy,Corn,26380,10/11/2022,,:it:,developed,developed,High income,41,October
316,SEA PEARL J,9261011,Chornomorsk,Tunisia,Corn,30000,10/11/2022,10/26/2022,:tn:,developing,other developing,Lower middle income,41,October
317,AGNES VICTORY,9258600,Chornomorsk,India,Sunflower oil,42000,10/12/2022,10/16/2022,:in:,developing,other developing,Lower middle income,41,October
318,EGE BEY,9103013,Yuzhny/Pivdennyi,France,Sunflower seed,5700,10/12/2022,,:fr:,developed,developed,High income,41,October
319,ELIF S,8517293,Odesa,Greece,Rapeseed meal,6200,10/12/2022,,:gr:,developed,developed,High income,41,October
320,GREAT ARSENAL,9159062,Odesa,Türkiye,Wheat,27499,10/12/2022,10/27/2022,:tr:,developing,other developing,Upper middle income,41,October
321,JASMIN QUEEN,9109861,Chornomorsk,Türkiye,Rapeseed,9500,10/12/2022,,:tr:,developing,other developing,Upper middle income,41,October
322,KLC ERCIYES,9132480,Odesa,Egypt,Soya beans,11500,10/12/2022,,:eg:,developing,other developing,Lower middle income,41,October
323,LUCKY,9037305,Odesa,Italy,Corn,7560,10/12/2022,,:it:,developed,developed,High income,41,October
324,LUGANO,9132662,Chornomorsk,Spain,Corn,27100,10/12/2022,10/26/2022,:es:,developed,developed,High income,41,October
325,SIMAS,9000314,Chornomorsk,Lebanon,Corn,13400,10/12/2022,,:lb:,developing,other developing,Lower middle income,41,October
326,AK HAMZA,9338125,Yuzhny/Pivdennyi,Lebanon,Corn,7000,10/13/2022,10/27/2022,:lb:,developing,other developing,Lower middle income,41,October
327,DIGNITY,9118238,Odesa,Türkiye,Corn,14000,10/13/2022,,:tr:,developing,other developing,Upper middle income,41,October
328,IRMGARD,9590967,Yuzhny/Pivdennyi,Germany,Rapeseed,30817,10/13/2022,,:de:,developed,developed,High income,41,October
329,MARLEN,9430179,Yuzhny/Pivdennyi,Iraq,Sunflower oil,33000,10/13/2022,,:iq:,developing,,Upper middle income,41,October
330,WEI HE,9601091,Chornomorsk,China,Sunflower meal,62860,10/13/2022,10/27/2022,:cn:,developing,other developing,Upper middle income,41,October
331,YAF S,9437787,Chornomorsk,Türkiye,Wheat,5828,10/13/2022,,:tr:,developing,other developing,Upper middle income,41,October
332,SANITA S,9237888,Odesa,Spain,Corn,43500,10/14/2022,,:es:,developed,developed,High income,41,October
333,SEA LUCK,9194464,Chornomorsk,Algeria,Wheat,13500,10/14/2022,,:dz:,developing,other developing,Lower middle income,41,October
334,SUPER ARSENAL,9316933,Odesa,Tunisia,Wheat,27500,10/14/2022,,:tn:,developing,other developing,Lower middle income,41,October
335,BARON,9394210,Yuzhny/Pivdennyi,Greece,Wheat,5000,10/15/2022,,:gr:,developed,developed,High income,41,October
336,BEATRICE,9430818,Yuzhny/Pivdennyi,Belgium,Corn,35000,10/15/2022,,:be:,developed,developed,High income,41,October
337,GOLDEN SHARK,9151383,Odesa,Türkiye,Barley,15800,10/15/2022,,:tr:,developing,other developing,Upper middle income,41,October
338,LADY ELA,9511442,Odesa,Türkiye,Sunflower oil,7250,10/15/2022,,:tr:,developing,other developing,Upper middle income,41,October
339,MRC HATICE ANA,9536935,Odesa,Bulgaria,Sunflower oil,5801,10/15/2022,,:bg:,developed,developed,Upper middle income,41,October
340,NEW LEVANT,9111371,Odesa,Türkiye,Corn,25000,10/15/2022,,:tr:,developing,other developing,Upper middle income,41,October
341,QUEEN SARA,9132507,Yuzhny/Pivdennyi,Türkiye,Sunflower oil,7400,10/15/2022,,:tr:,developing,other developing,Upper middle income,41,October
342,EAUBONNE,9663104,Odesa,Kenya,Wheat,53376,10/16/2022,,:ke:,developing,other developing,Lower middle income,41,October
343,HELGA,9444912,Chornomorsk,France,Sunflower seed,15469,10/16/2022,,:fr:,developed,developed,High income,41,October
344,LARA S,9334301,Chornomorsk,Italy,Sunflower oil,5750,10/16/2022,,:it:,developed,developed,High income,41,October
345,OMICRON CREST,9304203,Yuzhny/Pivdennyi,China,Corn,47185,10/16/2022,,:cn:,developing,other developing,Upper middle income,41,October
345,OMICRON CREST,9304203,Yuzhny/Pivdennyi,China,Sunflower meal,17815,10/16/2022,,:cn:,developing,other developing,Upper middle income,41,October
346,ADMIRAL,8408648,Odesa,Türkiye,Barley,7300,10/17/2022,,:tr:,developing,other developing,Upper middle income,42,October
347,CHOLA TREASURE,9244817,Chornomorsk,Pakistan,Rapeseed,61815,10/17/2022,,:pk:,developing,,Lower middle income,42,October
348,GEN. POLAD HASHIMOV,9575307,Chornomorsk,Italy,Sunflower oil,4000,10/17/2022,,:it:,developed,developed,High income,42,October
348,GEN. POLAD HASHIMOV,9575307,Chornomorsk,Tunisia,Soya oil,2200,10/17/2022,,:tn:,developing,other developing,Lower middle income,42,October
349,GLOBAL AGLAIA,9737149,Yuzhny/Pivdennyi,France,Sunflower seed,22000,10/17/2022,,:fr:,developed,developed,High income,42,October
350,NEW LIBERTY,9221645,Odesa,Libya,Barley,25000,10/17/2022,,:ly:,developing,other developing,Upper middle income,42,October
351,ESENCE,7827342,Odesa,Türkiye,Wheat,3000,10/18/2022,,:tr:,developing,other developing,Upper middle income,42,October
352,HASAN,9016179,Chornomorsk,Türkiye,Soya beans,6000,10/18/2022,,:tr:,developing,other developing,Upper middle income,42,October
353,MASTRO MITROS,9228071,Odesa,Israel,Wheat,33000,10/18/2022,,:il:,developed,developed,High income,42,October
354,MATRIX,9454125,Chornomorsk,Türkiye,Wheat,7000,10/18/2022,,:tr:,developing,other developing,Upper middle income,42,October
355,ALMIRANTE STORNI,9497452,Chornomorsk,China,Sunflower meal,21500,10/19/2022,,:cn:,developing,other developing,Upper middle income,42,October
356,CS CALVINA,9542532,Chornomorsk,The Netherlands,Corn,33000,10/19/2022,,:nl:,developed,developed,High income,42,October
357,DAYTONA H,8520836,Yuzhny/Pivdennyi,Lebanon,Corn,10700,10/19/2022,,:lb:,developing,other developing,Lower middle income,42,October
358,DENSA DEFNE,9297204,Yuzhny/Pivdennyi,United Kingdom,Sunflower oil,6600,10/19/2022,,:gb:,developed,,High income,42,October
359,KEMAL KURU,9418080,Odesa,Türkiye,Sunflower seed,3000,10/19/2022,,:tr:,developing,other developing,Upper middle income,42,October
360,KUBROSLI Y,8000836,Yuzhny/Pivdennyi,Türkiye,Peas,11000,10/19/2022,,:tr:,developing,other developing,Upper middle income,42,October
361,ATLANTIS ALMERIA,9508093,Yuzhny/Pivdennyi,Türkiye,Sunflower oil,5500,10/20/2022,,:tr:,developing,other developing,Upper middle income,42,October
362,ARIS T,9343895,Yuzhny/Pivdennyi,Spain,Corn,52733,10/20/2022,,:es:,developed,developed,High income,42,October
362,ARIS T,9343895,Yuzhny/Pivdennyi,Spain,Sunflower meal,23267,10/20/2022,,:es:,developed,developed,High income,42,October
363,XIN SHUN,9252199,Odesa,EU,Rapeseed,60000,10/20/2022,,:eu:,developed,,High income,42,October
364,ALPHA,9489041,Chornomorsk,China,Corn,66000,10/21/2022,,:cn:,developing,other developing,Upper middle income,42,October
365,DEMA,9416446,Chornomorsk,Italy,Corn,32800,10/21/2022,,:it:,developed,developed,High income,42,October
366,MILLAC,7208716,Chornomorsk,Türkiye,Wheat,6000,10/21/2022,,:tr:,developing,other developing,Upper middle income,42,October
367,MRC MINA,9464285,Yuzhny/Pivdennyi,Türkiye,Sunflower oil,6700,10/21/2022,,:tr:,developing,other developing,Upper middle income,42,October
368,SWORD LION,9136785,Odesa,Italy,Corn,26000,10/21/2022,,:it:,developed,developed,High income,42,October
369,YASA VENUS,9848118,Yuzhny/Pivdennyi,Bangladesh,Wheat,59055,10/21/2022,,:bd:,developing,least developed,Lower middle income,42,October
370,BELLA JUDI,9595371,Chornomorsk,Libya,Corn,33100,10/22/2022,,:ly:,developing,other developing,Upper middle income,42,October
371,ISLAND BAY,7528790,Chornomorsk,Greece,Corn,5460,10/22/2022,,:gr:,developed,developed,High income,42,October
372,PROFESSOR B,8401523,Chornomorsk,Türkiye,Barley,12000,10/22/2022,,:tr:,developing,other developing,Upper middle income,42,October
373,SUMMER LADY,9184938,Chornomorsk,France,Rapeseed,55457,10/22/2022,,:fr:,developed,developed,High income,42,October
374,I.B. MAMMADZADEH,9736688,Odesa,Türkiye,Sunflower oil,6200,10/23/2022,,:tr:,developing,other developing,Upper middle income,42,October
375,LADY LITEL,9571428,Odesa,Spain,Corn,17800,10/23/2022,,:es:,developed,developed,High income,42,October
375,LADY LITEL,9571428,Odesa,Spain,Wheat,8000,10/23/2022,,:es:,developed,developed,High income,42,October
375,LADY LITEL,9571428,Odesa,Spain,Barley,6300,10/23/2022,,:es:,developed,developed,High income,42,October
376,MAGPIE S,9188922,Odesa,Italy,Soya beans,8400,10/23/2022,,:it:,developed,developed,High income,42,October
377,PANGEO ,9467873,Chornomorsk,Yemen,Wheat,30000,10/23/2022,,:ye:,developing,least developed,Low income,42,October
377,PANGEO ,9467873,Chornomorsk,Afghanistan,Wheat,10000,10/23/2022,,:af:,developing,least developed,Low income,42,October
378,TORC,9544683,Yuzhny/Pivdennyi,Türkiye,Sunflower oil,12600,10/23/2022,,:tr:,developing,other developing,Upper middle income,42,October
379,VALERIO,9244037,Odesa,Spain,Wheat,25000,10/23/2022,,:es:,developed,developed,High income,42,October
380,BSL CALYPSO,9191448,Yuzhny/Pivdennyi,EU,Corn,23500,10/24/2022,,:eu:,developed,,High income,43,October
381,C FAITH,9575163,Odesa,Viet Nam,Wheat,56789,10/24/2022,,:vn:,developing,,Lower middle income,43,October
382,FLAG LAMA,9474711,Yuzhny/Pivdennyi,China,Sunflower meal,34430,10/24/2022,,:cn:,developing,other developing,Upper middle income,43,October
382,FLAG LAMA,9474711,Yuzhny/Pivdennyi,China,Corn,30672,10/24/2022,,:cn:,developing,other developing,Upper middle income,43,October
383,MBC DAISY,9609902,Chornomorsk,Algeria,Wheat,14270,10/24/2022,,:dz:,developing,other developing,Lower middle income,43,October
384,CAPTAIN J. NEOFOTISTOS,9617430,Yuzhny/Pivdennyi,Spain,Wheat,68000,10/25/2022,,:es:,developed,developed,High income,43,October
385,CAPTAIN V. MADIAS,9617351,Chornomorsk,China,Corn,63650,10/25/2022,,:cn:,developing,other developing,Upper middle income,43,October
386,KAPTAN ARIF BAYRAKTAR,9449560,Chornomorsk,The Netherlands,Corn,50000,10/25/2022,,:nl:,developed,developed,High income,43,October
387,PEARL T,9264166,Chornomorsk,Romania,Sunflower oil,4000,10/25/2022,,:ro:,developed,developed,High income,43,October
388,REGIUS,9737113,Odesa,EU,Rapeseed,30000,10/25/2022,,:eu:,developed,,High income,43,October
389,SAHIN 1,9111761,Yuzhny/Pivdennyi,Greece,Wheat,2900,10/25/2022,,:gr:,developed,developed,High income,43,October
390,ZUMRUT ANA,9633549,Yuzhny/Pivdennyi,Spain,Sunflower oil,6300,10/25/2022,,:es:,developed,developed,High income,43,October
391,A LINE,9246920,Odesa,Türkiye,Wheat,10903,10/27/2022,,:tr:,developing,other developing,Upper middle income,43,October
392,ADIL IBRAHIMLI,9575319,Chornomorsk,Italy,Sunflower oil,6630,10/27/2022,,:it:,developed,developed,High income,43,October
393,AHMET AGAOGLU,9082001,Yuzhny/Pivdennyi,Greece,Wheat,4060,10/27/2022,,:gr:,developed,developed,High income,43,October
394,INOI,9400928,Chornomorsk,Spain,Mixed,31000,10/27/2022,,:es:,developed,developed,High income,43,October
395,NESA,8409654,Chornomorsk,Türkiye,Peas,2300,10/27/2022,,:tr:,developing,other developing,Upper middle income,43,October
396,ORIS JUL,9116084,Chornomorsk,Israel,Sunflower meal,5750,10/27/2022,,:il:,developed,developed,High income,43,October
397,PRINCESS MANISSA,9084217,Yuzhny/Pivdennyi,Türkiye,Corn,21000,10/27/2022,,:tr:,developing,other developing,Upper middle income,43,October
398,SEVIL,9148518,Chornomorsk,Türkiye,Soy beans,5000,10/27/2022,,:tr:,developing,other developing,Upper middle income,43,October
399,STELLA GS,9363285,Chornomorsk,Tunisia,Corn,30698,10/27/2022,,:tn:,developing,other developing,Lower middle income,43,October
400,ASL TIA,9573713,Chornomorsk,China,Sunflower meal,39000,10/28/2022,,:cn:,developing,other developing,Upper middle income,43,October
401,KAVO PERDIKA,9584889,Yuzhny/Pivdennyi,Israel,Corn,54160,10/28/2022,,:il:,developed,developed,High income,43,October
402,LINA,9117868,Chornomorsk,Egypt,Corn,25000,10/28/2022,,:eg:,developing,other developing,Lower middle income,43,October
403,RISING EAGLE,9073672,Odesa,Egypt,Wheat,25000,10/28/2022,,:eg:,developing,other developing,Lower middle income,43,October
404,SUPER BAYERN,9278911,Chornomorsk,Italy,Corn,33000,10/28/2022,,:it:,developed,developed,High income,43,October
405,ZANTE,9727168,Chornomorsk,Belgium,Rapeseed,47270,10/28/2022,,:be:,developed,developed,High income,43,October
406,CAPTAIN ADAM 1,8914087,Chornomorsk,Italy,Soy beans,6600,10/29/2022,,:it:,developed,developed,High income,43,October
407,MONTARA,9234202,Odesa,Türkiye,Corn,3200,10/29/2022,,:tr:,developing,other developing,Upper middle income,43,October
408,RUBYMAR,9138898,Yuzhny/Pivdennyi,Türkiye,Corn,29600,10/29/2022,,:tr:,developing,other developing,Upper middle income,43,October
409,ST SOFIA,9799630,Odesa,Spain,Corn,45000,10/29/2022,,:es:,developed,developed,High income,43,October
409,ST SOFIA,9799630,Odesa,Spain,Barley,11000,10/29/2022,,:es:,developed,developed,High income,43,October
410,AFRICAN ROBIN,9317767,Odesa,Algeria,Wheat,30500,10/30/2022,,:dz:,developing,other developing,Lower middle income,43,October
411,DESPINA V,9727986,Yuzhny/Pivdennyi,The Netherlands,Corn,71135,10/30/2022,,:nl:,developed,developed,High income,43,October
412,NIKOLAOS A,9493949,Chornomorsk,United Kingdom,Rapeseed,46141,10/30/2022,,:gb:,developed,,High income,43,October